name,n_docs,n_tokens,n_types,avg_word_len,avg_doc_len_tokens,median_doc_len_tokens,ttr_fixed_n
coleman_reviews,31349,1741632,21539,4.067886327306802,55.55622188905547,28.0,0.1755
brown,0,1161192,49815,4.276538246904905,0.0,0.0,0.2507
treebank,0,100676,11387,4.406154396281139,0.0,0.0,0.258
reuters,0,1720901,31078,4.0016898124877605,0.0,0.0,0.2142
webtext,0,396733,17414,3.552701691061747,0.0,0.0,0.1767
movie_reviews,0,1583820,39768,3.9314442297735854,0.0,0.0,0.2554
