rating,count,mean,median,std
1,1439,71.0361362056984,44.0,90.74421141903277
2,1144,78.42307692307692,46.0,100.33458998859547
3,2530,74.82806324110672,44.0,101.05204255956733
4,6114,72.05724566568531,38.0,111.03113070194723
5,20122,45.712255243017594,23.0,76.87146676341362
